{
  "accuracy": 0.64673700664322,
  "macro_precision": 0.6362327008653396,
  "macro_recall": 0.6358791478095424,
  "macro_f1": 0.6343776769239283
}