{
  "accuracy": 0.6412661195779601,
  "macro_precision": 0.630190979486399,
  "macro_recall": 0.6296082433047978,
  "macro_f1": 0.6288383355748128
}