model,accuracy,macro_precision,macro_recall,macro_f1
tfidf_logreg,0.64673700664322,0.6362327008653396,0.6358791478095424,0.6343776769239283
