{
  "accuracy": 0.8530676045330207,
  "macro_precision": 0.8549573881384864,
  "macro_recall": 0.8454327007154415,
  "macro_f1": 0.8498063219498881
}